province;red;green;blue;x;x
1;42;3;128;Endring;x
2;84;6;1;Baelkyr;x
3;126;9;129;Nilfheim;x
4;168;12;2;Uts;x
5;0;15;130;Fjisgard;x
6;168;45;177;Bfavark;x
7;84;21;131;Mount Hellspire;x
8;126;24;4;Finnsvik;x
9;168;27;132;Kaamoas;x
10;0;30;5;Steinvik;x
11;42;33;133;Njyl;x
12;84;36;6;Voltag;x
13;126;39;134;Frost;x
14;168;42;7;Vanaheim;x
15;0;45;135;Raeryl;x
16;42;48;8;Tyronim;x
17;84;51;136;Ksidioc;x
18;126;54;9;Saimaakild;x
19;168;57;137;Iskvard;x
20;0;60;10;Stavgard;x
21;42;63;138;Iisgalt;x
22;84;66;11;Tanngniost;x
23;126;69;139;Trassel;x
24;168;72;12;Turui;x
25;0;75;140;Kraka Borkum;x
26;42;78;13;Kraka Ungrim;x
27;126;84;14;Kraka Uilorag;x
28;84;81;141;Fyodravik;x
29;168;87;142;Mount Barak;x
30;0;90;15;Karag Fyrik;x
31;42;93;143;Yelstir Hills;x
32;84;96;16;Cungal Hills;x
33;126;99;144;Hragyl;x
34;168;102;17;Eyrir;x
35;0;105;145;Fena;x
36;42;108;18;Aarvik;x
37;84;111;146;Mount Vanir;x
38;126;114;19;Hjemsokt Skog;x
39;168;117;147;Ulfsland;x
40;0;120;20;Birka;x
41;42;123;148;Thimbulvintr;x
42;84;126;21;Tolum;x
43;126;129;149;Ryval Passage;x
44;168;132;22;Fyruval's Passage;x
45;0;135;150;Ikrumal Ravine;x
46;42;138;23;Jaol's Apex;x
47;84;141;151;Cardariborg;x
48;126;144;24;Narvaash;x
49;168;147;152;Teeth of the Kraken;x
50;0;150;25;Novgoborg;x
51;42;153;153;Serulborg;x
52;84;156;26;Norscveg;x
53;126;159;154;Aldeigborg;x
54;168;162;27;Sorg;x
55;0;165;155;Hills of Grofnir;x
56;42;168;28;Lars' Peninsula;x
57;84;171;156;Isle of Gaman;x
58;126;174;29;Kraka Hakut;x
59;168;177;157;Kraka Untylum;x
60;0;180;30;Khazid Untulum;x
61;42;183;158;Drageberg;x
62;84;186;31;Kraka Hyfol;x
63;126;189;159;Morghaar;x
64;168;192;32;Syrul's Pinnacle;x
65;0;195;160;Durfang;x
66;42;198;33;Jotunir;x
67;84;201;161;Everthunder;x
68;126;204;34;Askreved;x
69;168;207;162;Staardholm;x
70;0;210;35;Olricstaad;x
71;42;0;163;Feigr;x
72;84;3;36;Suderholm;x
73;126;6;164;Stromstaad;x
74;168;9;37;Skyggehaug;x
75;0;12;165;Trollheim;x
76;42;15;38;Everkjole;x
77;84;18;166;Forbannet Skog;x
78;126;21;39;Jarluns;x
79;168;24;167;Kaldr;x
80;0;27;40;Passere Brann;x
81;42;30;168;Fimbulvintr Wood;x
82;84;33;41;Fuinn;x
83;126;36;169;Raseri Oks;x
84;168;39;42;Erkum;x
85;0;42;170;Kazad Grontunt;x
86;42;45;43;Khazid Skovekarag;x
87;84;48;171;Kraka Ornsmotek;x
88;126;51;44;Kraka Dunkor;x
89;168;54;172;Kazad Fundervol;x
90;0;57;45;Fell Grjot;x
91;42;60;173;Braka Vollr;x
92;84;63;46;Snara Forest;x
93;126;66;174;Ergren's Peninsula;x
94;168;69;47;Drergen Mort;x
95;0;72;175;Forest of Frykt;x
96;42;75;48;Kazad Dumond;x
97;84;78;176;Blodh Hals;x
98;126;81;49;Rugard;x
99;168;84;177;Svartblodgard;x
100;0;87;50;Vollrvordhr;x
101;42;90;178;Frossborg;x
102;84;93;51;Snaegrvold;x
103;126;96;179;Blindr Valley;x
104;168;99;52;Blakkr Kadrin;x
105;0;102;180;Grung Dobekzhuf;x
106;42;105;53;Khazid Fneldurk;x
107;84;108;181;Kadrin Svell;x
108;126;111;54;Grung Kuldongor;x
109;168;114;182;Kazad Duradel;x
110;0;117;55;Barak Vordhr;x
111;42;120;183;Kraka Unduzul;x
112;84;123;56;Grung Trakekarag;x
113;126;126;184;Kraka Drang;x
114;168;129;57;Kylklava Valley;x
115;0;132;185;Korv Ozero;x
116;42;135;58;Khazid Ravik;x
117;84;138;186;Kraka Drak;x
118;126;141;59;Taldursfjord;x
119;168;144;187;Grontfell;x
120;0;147;60;Frjosafit;x
121;42;150;188;Gala Forest;x
122;84;153;61;Svidha Point;x
123;126;156;189;Terkum;x
124;168;159;62;Svartrblodhr;x
125;0;162;190;Blodhfell;x
126;42;165;63;Draksfjord;x
127;84;168;191;Vinteerholm;x
128;126;171;64;Sidhastr Van;x
129;168;174;192;Icewind Pass;x
130;0;177;65;Urslo;x
131;42;180;193;Ey Kragmor;x
132;84;183;66;Nazcalla;x
133;126;186;194;Eyland Feiknstafir;x
134;168;189;67;Vollr-Azkhaguul;x
135;0;192;195;Shadowmoor Pass;x
136;42;195;68;Tivar Peak;x
137;84;198;196;Fjall-Azkhaguul;x
138;126;201;69;The Czegniks;x
139;168;204;197;Artuulian Range;x
140;0;207;70;Haussbraut;x
141;42;210;198;Wulfsiege;x
142;84;0;71;Graennae;x
143;126;3;199;Aponnia;x
144;168;6;72;Gotland;x
145;0;9;200;Thorshafn;x
146;42;12;73;Skraevold;x
147;84;15;201;Sturen Ridge;x
148;126;18;74;Galafell;x
149;168;21;202;Zamak Spanyenya;x
150;0;24;75;Bolensk;x
151;42;27;203;Styr's Ridge;x
152;84;30;76;Dhazyn;x
153;126;33;204;Kurson Haugr;x
154;168;36;77;Kaminski;x
155;0;39;205;Zoishenk;x
156;42;42;78;Dzzijk;x
157;84;45;206;Hurajik;x
158;126;48;79;Dzyatlava;x
159;168;51;207;Ostrosk;x
160;0;54;80;Zenilev;x
161;42;57;208;Tobol;x
162;84;60;81;Tolsol;x
163;126;63;209;Goranitch;x
164;168;66;82;Turaw;x
165;0;69;210;Petrikov;x
166;42;72;83;Maja Uvemny;x
167;84;75;211;Crags of Shargun;x
168;126;78;84;Oduin Wood;x
169;168;81;212;Zhedevka;x
170;0;84;85;The Golinyi;x
171;42;87;213;Kacirk;x
172;84;90;86;Fanipalo;x
173;126;93;214;Stolbstyvoisk;x
174;168;96;87;Forest of Borisov;x
175;0;99;215;Erengrad;x
176;42;102;88;Grovod Forest;x
177;84;105;216;Vitzy;x
178;126;108;89;Megion;x
179;168;111;217;Zeya;x
180;0;114;90;Bolgasgrad;x
181;42;117;218;Salair;x
182;84;120;91;Praag;x
183;126;123;219;Volksgrad;x
184;168;126;92;Dukhyls Forest;x
185;0;129;220;Novehozy;x
186;42;132;93;Arzamas;x
187;84;135;221;Izobilny;x
188;126;138;94;Tesov;x
189;168;141;222;Ob;x
190;0;144;95;Staslav;x
191;42;147;223;Taldom;x
192;84;150;96;Vdovya;x
193;126;153;224;Uvetsyn;x
194;168;156;97;Dukhyls Spirits;x
195;0;159;225;Krakjunov;x
196;42;162;98;Koniecpole;x
197;84;165;226;Plowce;x
198;126;168;99;Jydske;x
199;168;171;227;Wizna;x
200;0;174;0;Blotno;x
201;42;177;128;Zabow;x
202;84;180;1;Kislev;x
203;126;183;129;Shirokij Forest;x
204;168;186;2;Ptorsk;x
205;0;189;130;Resvynhaf;x
206;42;192;3;Rakhov;x
207;84;195;131;Kyrnoka;x
208;126;198;4;Vitevo;x
209;168;201;132;Boguchar;x
210;0;204;5;Belev;x
211;42;207;133;Chernigov;x
212;84;210;6;Polotsk;x
213;126;0;134;Pugacheyev;x
214;168;3;7;Kalinora;x
215;0;6;135;Vetluga;x
216;42;9;8;Flainaut;x
217;84;12;136;Brabois;x
218;126;15;9;Almshoven;x
219;168;18;137;Landrel Barrow;x
220;0;21;10;Markenbinnen;x
221;42;24;138;Noordbeemster;x
222;84;27;11;Marienburg;x
223;126;30;139;Klessen;x
224;168;33;12;Fauligmere;x
225;0;36;140;Manaanspoort;x
226;42;39;13;Velsen;x
227;84;42;141;Ankeeven;x
228;126;45;14;Harenskarpel;x
229;168;48;142;Buuren;x
230;0;51;15;Harskamp;x
231;42;54;143;Aarnau;x
232;84;57;16;Schadelbruck;x
233;126;60;144;Schaukel;x
234;168;63;17;Hargendorf;x
235;0;66;145;Gelnhausen;x
236;42;69;18;Manaansufer;x
237;84;72;146;Luftberg;x
238;126;75;19;Kurtwallen;x
239;168;78;147;Salzenmund;x
240;0;81;20;Norden;x
241;42;84;148;Limshof;x
242;84;87;21;Dorfmark;x
243;126;138;49;Salkalten;x
244;168;93;22;Huven;x
245;0;96;150;Friedmark;x
246;42;99;23;Rossin;x
247;84;102;151;Ferlangen;x
248;126;105;24;Roezfels;x
249;168;108;152;Gauschdorf;x
250;0;111;25;Bohsenfels;x
251;42;114;153;Dassel;x
252;84;117;26;Vandengart;x
253;126;120;154;Ristedt;x
254;168;123;27;Wolfenburg;x
255;0;126;155;Brizban;x
256;42;129;28;Nettburg;x
257;84;132;156;Wurzen;x
258;126;135;29;Selonian Hills;x
259;168;138;157;Roterwald;x
260;0;141;30;Spuktichtung;x
261;42;144;158;Finsternchen;x
262;84;147;31;Entsetzlichigelhuegel;x
263;126;150;159;Wouduin;x
264;168;153;32;Pinnesberg;x
265;0;156;160;Winsen;x
266;42;159;33;Isenbuttel;x
267;84;162;161;Seidewald;x
268;126;165;34;Scheinfeld;x
269;168;168;162;Mittelwig;x
270;0;171;35;Carroburg;x
271;42;174;163;Nordlichturm;x
272;84;177;36;Suderende;x
273;126;180;164;Kammendun;x
274;168;183;37;Middenheim;x
275;0;186;165;Malstedt;x
276;42;189;38;Middenstag;x
277;84;192;166;Grimminhagen;x
278;126;195;39;Bad Hohne;x
279;168;198;167;Holtdorf;x
280;0;201;40;Coburg;x
281;42;204;168;Kutenholz;x
282;84;207;41;Krudenwald;x
283;126;210;169;Bergendorf;x
284;168;0;42;Heedenhof;x
285;0;3;170;Kiefer;x
286;42;6;43;Eiskalt;x
287;84;9;171;Ahlenhof;x
288;126;12;44;Igelhuegel;x
289;168;15;172;Ketzin;x
290;0;18;45;Vodf;x
291;42;21;173;Markdorf;x
292;84;24;46;Hergig;x
293;126;27;174;Merxheim;x
294;168;30;47;Schilderheim;x
295;0;33;175;Holthusen;x
296;42;36;48;Boegenhafen;x
297;84;39;176;Osburg;x
298;126;42;49;Furdienst;x
299;43;81;138;Altdorf;x
300;0;48;50;Hagercrybs;x
301;42;51;178;Moerlenfurt;x
302;84;54;51;Reikgard;x
303;126;57;179;Auerswald;x
304;168;60;52;Uebersreik;x
305;0;63;180;Grunburg;x
306;42;66;53;Dunkelburg;x
307;84;69;181;Wittgendorf;x
308;126;72;54;Grissenwald;x
309;168;75;182;Nuln;x
310;0;78;55;Wissenburg;x
311;42;81;183;Durbheim;x
312;84;84;56;Wurmgrube;x
313;126;87;184;Kelgard;x
314;168;90;57;Wusterberg;x
315;0;93;185;Sonnefurt;x
316;42;96;58;Pfeildorf;x
317;84;99;186;Sexau;x
318;126;102;59;Staig;x
319;168;105;187;Pforzen;x
320;0;108;60;Wittenhausen;x
321;42;111;188;Aulen;x
322;84;114;61;Kroppenleben;x
323;126;117;189;Steingart;x
324;146;22;58;Talabheim;x
325;114;10;40;Talagaad;x
326;136;35;64;Volgen;x
327;148;0;43;Farlichberge;x
328;225;18;78;Kemperbad;x
329;193;2;57;Unterbaum;x
330;248;1;73;Toerpin;x
331;180;13;62;Kargberge;x
332;224;61;108;Gostahof;x
333;168;19;62;Krugenheim;x
334;194;12;64;Ossino;x
335;162;4;49;Kuesel;x
336;221;37;90;Ostlichrand;x
337;186;87;115;Bek;x
338;126;162;69;Borkrum;x
339;168;165;197;Menshenfresserhoffen;x
340;0;168;70;Rugenbuttle;x
341;42;171;198;Nattern;x
342;84;174;71;Teichel;x
343;126;177;199;Wurtbad;x
344;168;180;72;Oehling;x
345;0;183;200;Ramsau;x
346;42;186;73;Zaya;x
347;84;189;201;Stirhuegel;x
348;126;192;74;Woerdern;x
349;168;195;202;Leithagberge;x
350;0;198;75;Eicheschatten;x
351;42;201;203;Greenleafs;x
352;84;204;76;Leedleton;x
353;126;207;204;Lengenfeld;x
354;168;210;77;Colmfaehre;x
355;0;0;205;Streissen;x
356;42;3;78;Wuppertal;x
357;84;6;206;Averheim;x
358;126;9;79;Longingbruck;x
359;168;12;207;Sauerapfel;x
360;0;15;80;Hocheleben;x
361;42;18;208;Aver March;x
362;84;21;81;Grenzstadt;x
363;126;24;209;Pfungzig;x
364;168;27;82;Niebelwald;x
365;0;30;210;Bernloch;x
366;42;33;83;Bechafen;x
367;84;36;211;Fortenhaf;x
368;126;39;84;The Veldt;x
369;168;42;212;Rundespitze;x
370;0;45;85;Mordheim;x
371;42;48;213;Carlsbruck;x
372;84;51;86;Kolhov;x
373;126;54;214;Regak;x
374;168;57;87;Nagenhof;x
375;0;60;215;Siegfriedhof;x
376;42;63;88;Koenigstein;x
377;84;66;216;Brachland;x
378;126;69;89;Sternieste;x
379;168;72;217;Vanhaldenhof;x
380;0;75;90;Tempelhof;x
381;42;78;218;Mikaldorf;x
382;84;81;91;Waldenhof;x
383;126;84;219;Sumpfdorf;x
384;168;87;92;Wartenhof;x
385;0;90;220;Nachthafen;x
386;42;93;93;Drakenhof;x
387;84;96;221;Fennonhuegel;x
388;126;99;94;Schramleben;x
389;168;102;222;Sigmaringen;x
390;0;105;95;Aydemir;x
391;42;108;223;Sopot;x
392;84;111;96;Ribaritsa;x
393;126;114;224;Blatnista;x
394;168;117;97;Katunets;x
395;0;120;225;Kathuul;x
396;42;123;98;Poibrene;x
397;84;126;226;Lesichovo;x
398;126;129;99;Jakki;x
399;168;132;227;Nyarammog;x
400;0;135;0;Panitsovo;x
401;42;138;128;Mokrishte;x
402;84;141;1;Dragotintsi;x
403;126;144;129;Chavdar;x
404;168;147;2;Sarog;x
405;0;150;130;Zanbaijin;x
406;42;153;3;Izvor;x
407;84;156;131;Delyan;x
408;126;159;4;Skutare;x
409;168;162;132;Dragoynovo;x
410;0;165;5;Graf;x
411;42;168;133;Arda;x
412;84;171;6;Overjul;x
413;126;174;134;Qernildom;x
414;168;177;7;Hjornsum;x
415;0;180;135;Karak Jarghal;x
416;42;183;8;Unzkulak;x
417;84;186;136;Karak Farjul;x
418;126;189;9;Karak Vlag;x
419;168;192;137;Belyavorota Pass;x
420;0;195;10;Kazad Opulim;x
421;42;198;138;Karak Brianal;x
422;84;201;11;Karak Unlivak;x
423;126;204;139;Karak Eragol;x
424;168;207;12;Silver Pinnacle;x
425;0;210;140;Karak Gorzul;x
426;42;0;13;Plains of Kirulg;x
427;84;3;141;Karak Zan;x
428;126;6;14;Luvuag;x
429;168;9;142;Plains of the Divuildud;x
430;0;12;15;West Rock Mountain;x
431;42;15;143;Seep-Gore;x
432;84;18;16;Ironhide;x
433;42;87;63;Red Eye Mountain;x
434;168;24;17;Mount Karlnir;x
435;0;27;145;Kazad Hurlidan;x
436;42;30;18;Slayer Keep;x
437;84;33;146;Khazid Erakkial;x
438;126;36;19;Karak Angazhar;x
439;168;39;147;Booming Peak;x
440;0;42;20;Black Fire Pass;x
441;42;45;148;Cragmere;x
442;84;48;21;Zhufbar;x
443;126;51;149;Grung Gundrikson;x
444;168;54;22;Kadrin Gorm;x
445;0;57;150;Karak Raziak;x
446;42;60;23;Khazid Irkulaz;x
447;84;63;151;Drakenmoor;x
448;126;66;24;Iron Hills;x
449;168;69;152;Grom Peak;x
450;0;72;25;Mount Gunbad;x
451;42;75;153;Everpeak;x
452;84;78;26;Kazad Urkbavak;x
453;126;81;154;Silver Pass;x
454;168;84;27;Dead Rock Gap;x
455;0;87;155;Mount Silverspear;x
456;42;90;28;Haraz;x
457;84;93;156;Konar;x
458;126;96;29;Lantai;x
459;168;99;157;Dagrolad;x
460;0;102;30;Sovia;x
461;42;105;158;Varag Kadrin;x
462;84;108;31;Thunder Mountain;x
463;126;111;159;Karag Grimstok;x
464;168;114;32;Mount Squighorn;x
465;0;117;160;Black Crag;x
466;42;120;33;Azgul Kadrin;x
467;84;123;161;Azril-Ungol;x
468;126;126;34;Karak Azgal;x
469;168;129;162;Kazad Migdal;x
470;0;132;35;Karak Azul;x
471;42;135;163;Cripple Peak;x
472;84;138;36;Nagash;x
473;126;141;164;Fire Mountain;x
474;168;144;37;Adad-Nirari;x
475;0;147;165;Abraq;x
476;42;150;38;Zanen Ruvalk;x
477;84;153;166;Baartak;x
478;126;156;39;Zharr-Naggrund;x
479;168;159;167;Unzkadrin;x
480;0;162;40;Skreefel;x
481;42;165;168;Gash Kadrak;x
482;84;168;41;Gazan-Garaz;x
483;126;171;169;Ghal;x
484;168;174;42;Gorlgal;x
485;0;177;170;Azgram;x
486;42;180;43;Mizpazan;x
487;84;183;171;Ossarl;x
488;126;186;44;Sklepgor;x
489;168;189;172;Olnzar;x
490;0;192;45;Igragor;x
491;42;195;173;Zagros;x
492;84;198;46;Behiston Wastes;x
493;126;201;174;Barak Zharr;x
494;168;204;47;The Sentinels;x
495;0;207;175;Crookback Mountain;x
496;42;210;48;Morzarn;x
497;84;0;176;Mount Grey Hag;x
498;126;3;49;Pazuzu;x
499;168;6;177;Morogoth;x
500;0;9;50;Sabarta;x
501;42;12;178;Tanahk;x
502;84;15;51;Tharumagi;x
503;126;18;179;Eana;x
504;168;21;52;Vorag;x
505;0;24;180;Teresca;x
506;42;27;53;Sotomarca;x
507;84;30;181;Cabrera;x
508;126;33;54;Sobremarca;x
509;168;36;182;Mendoza;x
510;0;39;55;Alabreda;x
511;42;42;183;Castillar;x
512;84;45;56;Murilla;x
513;126;48;184;Cadenas;x
514;168;51;57;Barataria;x
515;0;54;185;Barboza;x
516;42;57;58;Calis;x
517;84;60;186;Alquezaro;x
518;126;63;59;Bajamar;x
519;168;66;187;Cantabro;x
520;0;69;60;Bilbali;x
521;42;72;188;Varda;x
522;84;75;61;Viacruz;x
523;126;78;189;Sodana;x
524;168;81;62;Nunia;x
525;0;84;190;Baraiz;x
526;126;21;144;Zamalanca;x
527;84;90;191;Azuara;x
528;126;93;64;San Luis;x
529;168;96;192;Trastamara;x
530;0;99;65;Edeta;x
531;42;102;193;Arroca;x
532;84;105;66;Cefira;x
533;126;108;194;Diamenterra;x
534;168;111;67;Aguilar;x
535;0;114;195;Olissipo;x
536;42;117;68;Verin;x
537;84;120;196;Portague;x
538;126;123;69;Jaraiz;x
539;168;126;197;Valdana;x
540;0;129;70;Sandoval;x
541;42;132;198;Miramar;x
542;84;135;71;Finterra;x
543;126;138;199;San Pedro;x
544;168;141;72;Belmoz;x
545;0;144;200;Alboran;x
546;42;147;73;Toletti;x
547;84;150;201;Ubrique;x
548;126;153;74;Urdango;x
549;168;156;202;Torrosa;x
550;0;159;75;Tobiedo;x
551;42;162;203;Malmeria;x
552;84;165;76;Molina;x
553;126;168;204;Magritta;x
554;168;171;77;Garnata;x
555;0;174;205;Javea;x
556;42;177;78;Villana;x
557;84;180;206;Almagora;x
558;126;183;79;Cordobra;x
559;168;186;207;Fierra;x
560;0;189;80;Osborna;x
561;42;192;208;Montacute;x
562;84;195;81;Solsona;x
563;126;198;209;Ebria;x
564;168;201;82;Siernas;x
565;0;204;210;Reas;x
566;42;207;83;Los Merinos;x
567;84;210;211;Montenas;x
568;126;0;84;Pajena;x
569;168;3;212;Las Navas;x
570;0;6;85;Cervantes;x
571;42;9;213;Durango;x
572;84;12;86;Zaraguz;x
573;126;15;214;Gualcazar;x
574;168;18;87;Tobaro;x
575;0;21;215;Liburni;x
576;42;24;88;Illiria;x
577;84;27;216;Delamata;x
578;126;30;89;Aquilas;x
579;168;33;217;Isole Sirene;x
580;0;36;90;Scordisci;x
581;42;39;218;Autaria;x
582;84;42;91;Udolpho;x
583;126;45;219;Ravola;x
584;168;48;92;Miragliano;x
585;0;51;220;Ebino;x
586;42;54;93;Toscania;x
587;84;57;221;Lambruso;x
588;126;60;94;Campogrotta;x
589;168;63;222;Vladeza;x
590;0;66;95;Andone;x
591;42;69;223;Trantio;x
592;84;72;96;Urbimo;x
593;126;75;224;Cenona;x
594;168;78;97;Sadrono;x
595;0;81;225;Trantine Hills;x
596;42;84;98;Catrazza;x
597;84;87;226;Varieno;x
598;126;90;99;Malavigna;x
599;168;93;227;Pavona;x
600;0;96;0;Remas;x
601;42;99;128;Stiani;x
602;84;102;1;Astiano;x
603;126;105;129;Rifraffa;x
604;168;108;2;Olesi;x
605;0;111;130;Spaarta;x
606;42;114;3;Spomanti;x
607;84;117;131;Scozzese;x
608;126;120;4;Lorenzo;x
609;168;123;132;Verezzo;x
610;0;126;5;Portomaggiore;x
611;42;129;133;Raverno;x
612;84;132;6;Volanda;x
613;126;135;134;Cittafinistre;x
614;168;138;7;Luccini;x
615;0;141;135;Pelua;x
616;42;144;8;Spurio;x
617;84;147;136;Organza;x
618;126;150;9;Mintopua;x
619;168;153;137;Aldente;x
620;0;156;10;Capelli;x
621;42;159;138;Sussurrio Wood;x
622;84;162;11;Laserno;x
623;126;165;139;Pavezzano;x
624;168;168;12;Tepanlo;x
625;0;171;140;Luparno;x
626;42;174;13;Sartosa;x
627;84;177;141;Pelremo;x
628;126;180;14;Caprio;x
629;168;183;142;Vercuso;x
630;0;186;15;Kazad Frukund;x
631;42;189;143;Grung Mizpel;x
632;84;192;16;Karak Kaferkammaz;x
633;126;195;144;Karak Ekzfilaz;x
634;168;198;17;Grung Ikree;x
635;0;201;145;Karak Grom;x
636;42;204;18;Karak Sedazund;x
637;84;207;146;Khazid Wyrwarn;x
638;126;210;19;Domatburg;x
639;168;0;147;Zvorak;x
640;0;3;20;Khadiz Urbaz;x
641;42;6;148;Skiros;x
642;84;9;21;Platae;x
643;126;12;149;Pugno;x
644;168;15;22;Khazid Algskarag;x
645;0;18;150;Copper Mountain;x
646;42;21;23;Kazad Elgazund;x
647;84;24;151;Grung Agrilebaz;x
648;126;27;24;Grung Ardzufak;x
649;168;30;152;Khazid Grimaz;x
650;0;33;25;Karak Norn;x
651;42;36;153;Karak Ziflin;x
652;84;39;26;Karak Grentaz;x
653;126;42;154;Horn Hold;x
654;168;45;27;Karak Gantuk;x
655;0;48;155;Monte Castello;x
656;42;51;28;Argalis;x
657;84;54;156;Myrmidens;x
658;126;57;29;Pilos;x
659;168;60;157;Vardanos;x
660;0;63;30;Atreus;x
661;42;66;158;Kasos;x
662;84;69;31;Pelpeonna;x
663;126;72;159;Thessos;x
664;168;75;32;Achaes;x
665;0;78;160;Arnalos;x
666;42;81;33;Alynd;x
667;84;84;161;Heldegrad;x
668;126;87;34;Mortensholm;x
669;168;90;162;Cabanal;x
670;0;93;35;Mognia;x
671;42;96;163;Hinrikness;x
672;84;99;36;Vinsbrugge;x
673;126;102;164;Inkodevna;x
674;168;105;37;Albusdorf;x
675;0;108;165;Vidovdan;x
676;42;111;38;Brasov;x
677;84;114;166;Quaterain;x
678;126;117;39;Matorca;x
679;168;120;167;Spinda;x
680;0;123;40;Moslac;x
681;42;126;168;Somjek;x
682;84;129;41;Mornell;x
683;126;132;169;Galiti;x
684;168;135;42;Dhouda;x
685;0;138;170;Masserschloss;x
686;42;141;43;Barak Varr;x
687;84;144;171;Styratia;x
688;126;147;44;Munzig;x
689;168;150;172;Sturgun;x
690;0;153;45;Akendorf;x
691;42;156;173;Kalk;x
692;84;159;46;Deiter;x
693;126;162;174;Mirke;x
694;168;165;47;Malko;x
695;0;168;175;Geistenmund;x
696;42;171;48;Bythan;x
697;84;174;176;Tanais;x
698;126;177;49;Zenres;x
699;168;180;177;Fatandira;x
700;0;183;50;Aldium;x
701;42;186;178;Lament;x
702;84;189;51;Brovska;x
703;126;192;179;Levrellian;x
704;168;195;52;Varenka;x
705;0;198;180;Turov;x
706;42;201;53;Gulthac;x
707;84;204;181;Haflok;x
708;126;207;54;Clazo;x
709;168;210;182;Knidus;x
710;0;0;55;Blutgar;x
711;42;3;183;Karsack;x
712;84;6;56;Iron Rock;x
713;126;9;184;Matul Remrit;x
714;168;12;57;Cimmeria;x
715;0;15;185;Sakaryia;x
716;42;18;58;Mushki;x
717;84;21;186;Paragorn;x
718;126;24;59;Odris;x
719;168;27;187;Crios;x
720;0;30;60;Nonucci Island;x
721;42;33;188;Raven Barrow;x
722;84;36;61;Mentreda;x
723;126;39;189;Khypris;x
724;168;42;62;Sapphiro;x
725;0;45;190;Ilios;x
726;42;48;63;Langkt-Girt;x
727;84;51;191;Langkhaz;x
728;126;54;64;Karak Nazril;x
729;168;57;192;Karak Yarazril;x
730;0;60;65;Varaz Barak;x
731;42;63;193;Zank Barak;x
732;84;66;66;Gelt;x
733;126;69;194;Khazid Ruvalkbar;x
734;168;72;67;Kazad Dron;x
735;0;75;195;Luwaia;x
736;42;78;68;Adryn;x
737;84;81;196;Delium;x
738;126;84;69;Anaxia;x
739;168;87;197;Afayan;x
740;0;90;70;Koganusan;x
741;42;93;198;Kreutzhofen;x
742;84;96;71;Kybel;x
743;126;99;199;Karamandere;x
744;168;102;72;Panion;x
745;0;105;200;Ahhiya;x
746;42;108;73;Bayat;x
747;84;111;201;Porsuk;x
748;126;114;74;Serkeskal;x
749;168;117;202;Kaskia;x
750;0;120;75;Arz;x
751;42;123;203;Udibgovos;x
752;84;126;76;Eubus;x
753;126;129;204;Zuwadison;x
754;168;132;77;Mykal;x
755;0;135;205;Komar;x
756;42;138;78;Boetus;x
757;84;141;206;Nezull;x
758;126;144;79;Burushur;x
759;168;147;207;Zitharis;x
760;0;150;80;Rhothira;x
761;42;153;208;Ekrund;x
762;84;156;81;Mount Bloodhorn;x
763;126;159;209;Hettasha;x
764;168;162;82;Karzis;x
765;0;165;210;Nerik;x
766;42;168;83;Palak;x
767;84;171;211;Kadesh;x
768;126;174;84;Adygea;x
769;168;177;212;Hattria;x
770;0;180;85;Mourkain;x
771;42;183;213;Gediz;x
772;84;186;86;Akur;x
773;126;189;214;Klatch;x
774;168;192;87;Kiziril;x
775;0;195;215;Irmak;x
776;42;198;88;Gernach;x
777;84;201;216;Khernum;x
778;126;204;89;Indirum;x
779;168;207;217;Blakmar;x
780;0;210;90;Libis;x
781;42;0;218;Misty Mountain;x
782;84;3;91;Charan;x
783;126;6;219;Qarum;x
784;168;9;92;Sedg;x
785;0;12;220;Orgar;x
786;42;15;93;Seltar;x
787;84;18;221;Arzawe;x
788;168;24;222;Ys;x
789;0;27;95;Erguian;x
790;42;30;223;Chagrin;x
791;84;33;96;Rocheil;x
792;126;36;224;Moulinsard;x
793;168;39;97;Lyonesse;x
794;0;42;225;Caon;x
795;42;45;98;Chastillon;x
796;84;48;226;Martonnais;x
797;126;51;99;Senlou;x
798;168;54;227;L'Anguille;x
799;0;57;0;Fregunerre;x
800;42;60;128;Ganet;x
801;84;63;1;Sanz;x
802;126;66;129;Havresse;x
803;168;69;2;Rennais;x
804;0;72;130;Rouard;x
805;42;75;3;Eux;x
806;84;78;131;Dun;x
807;126;81;4;Normagne;x
808;168;84;132;Chantillon;x
809;0;87;5;Couronne;x
810;42;90;133;Tintannil;x
811;84;93;6;Thorn;x
812;126;96;134;Nesleaux;x
813;168;99;7;Langreuil;x
814;0;102;135;Artois;x
815;42;105;8;Larret;x
816;84;108;136;Uexin;x
817;126;111;9;Arden;x
818;168;114;137;Saintilles;x
819;0;117;10;Carmandois;x
820;42;120;138;Chautoise;x
821;84;123;11;Mortagne;x
822;126;126;139;Dras;x
823;168;129;12;Rachard;x
824;0;132;140;Elne;x
825;42;135;13;Mousillon;x
826;84;138;141;Frondee;x
827;126;141;14;Yremois;x
828;168;144;142;Guerac;x
829;0;147;15;Beaussons;x
830;42;150;143;Triers;x
831;84;153;16;Gracay;x
832;126;156;144;Gisoreux;x
833;168;159;17;Tremonge;x
834;0;162;145;Reves;x
835;42;165;18;Feuilly;x
836;84;168;146;Bordeleaux;x
837;126;171;19;Cabernet;x
838;168;174;147;Laors;x
839;0;177;20;Yquem;x
840;42;180;148;Soudarre;x
841;84;183;21;Beaujolais;x
842;126;186;149;Toussaint;x
843;168;189;22;Bastonne;x
844;0;192;150;Foucault;x
845;42;195;23;Gastix;x
846;84;198;151;Chalons;x
847;0;3;225;Gamay;x
848;126;201;24;Galisson;x
849;168;96;42;Lorsace;x
850;84;9;226;Tura;x
851;85;84;11;Beaix;x
852;127;87;139;Roderre;x
853;169;90;12;Drachenberg;x
854;126;135;84;Montfort;x
855;168;138;212;Vignoble;x
856;0;141;85;Elbiq;x
857;42;144;213;Anjarlac;x
858;84;147;86;Rennaille;x
859;126;150;214;Epee;x
860;168;153;87;Aquitaine;x
861;0;156;215;Angour;x
862;42;159;88;Lusidreux;x
863;84;162;216;Querigord;x
864;126;165;89;Brionne;x
865;168;168;217;Gransette;x
866;0;171;90;Muret;x
867;42;174;218;Enjolras;x
868;84;177;91;Gironde;x
869;126;180;219;Armanie;x
870;168;183;92;Cuileux;x
871;0;186;220;Pompadour;x
872;42;189;93;Chinon;x
873;84;192;221;Treims;x
874;126;195;94;Blarry;x
875;168;198;222;Bourgou;x
876;0;201;95;Giennois;x
877;42;204;223;La Mancon;x
878;84;207;96;Orlerre;x
879;126;210;224;Meaux;x
880;168;0;97;Roucerre;x
881;168;123;82;Langry;x
882;126;120;209;Perrache;x
883;126;3;154;Quenelles;x
884;84;117;81;Helmgart;x
885;168;15;227;Parravon;x
886;1;18;0;Beaumont;x
887;43;21;128;Fume;x
888;85;24;1;Grey Lady Pass;x
889;127;27;129;Karak Azgaraz;x
890;169;30;2;Brabillon;x
891;1;33;130;Servillon;x
892;43;36;3;Aix;x
893;43;96;13;Carcassonne;x
894;127;42;4;Brussergue;x
895;169;45;132;Embrun;x
896;1;48;5;Forac;x
897;43;51;133;Sammergall;x
898;1;93;140;Marguilles;x
899;127;57;134;Charboneau;x
900;169;60;7;Naverre;x
901;1;63;135;Foivaux;x
902;43;66;8;Morency;x
903;85;69;136;Tasselonne;x
904;127;72;9;Paillole;x
905;169;75;137;Blood Keep;x
906;1;78;10;Upper Vale of Florida;x
907;84;132;211;Lower Vale of Florida;x
908;0;126;210;Saar;x
909;42;129;83;Gruyon;x
910;0;207;25;Dornhan;x
911;84;10;26;Valoigne;x
912;126;48;134;Gap of Bergbres;x
913;84;145;161;Gisoreux Gap;x
914;85;39;131;Loren Pass;x
915;126;105;99;Califerne;x
916;42;199;78;L'ile Tranquille;x
917;127;144;184;Caprezi;x
918;169;147;57;Santa Clair;x
919;1;150;185;Isla Vega;x
920;43;153;58;Montanoza;x
921;85;156;186;Isla Colina;x
922;127;159;59;Isla Corazon;x
923;169;162;187;Isla d'Azure;x
924;127;30;99;Fays;x
925;85;174;26;Umbresco;x
926;2;36;0;Nucca;x
927;44;39;128;Helgala;x
928;127;0;94;Hundsheimerwald;x
929;128;45;129;Zherden;x
930;170;48;2;Stimmigen;x
931;145;80;98;Kappelburg;x
932;106;58;146;Auld Ryding;x
933;85;210;221;Heideck;x
934;128;60;4;Eilhart;x
935;170;63;132;Vlakland;x
936;1;6;95;Noordmuur;x
937;44;69;133;Garamont;x
938;86;72;6;Sangasse;x
939;128;75;134;Outremer;x
940;170;78;7;Voronino;x
941;2;81;135;Zvyagino;x
942;2;84;50;Yarak;x
943;44;87;178;Dzugd;x
944;86;90;51;Sakhur;x
945;128;93;179;Alashah;x
946;170;96;52;Arguun;x
947;2;99;180;Zavkhan;x
948;44;102;53;Malchin;x
949;86;105;181;Mokhsogollokh;x
950;128;108;54;Turukhan;x
951;170;111;182;Jomal;x
952;2;114;55;Dvinar;x
953;86;120;56;Pontecorvo;x
954;128;123;184;Baildughan;x
955;73;200;118;Jaegerwald;x
956;159;68;94;Ertburg;x
957;145;52;78;Gruenwald;x
958;85;15;211;Tripolana;x
959;1;99;225;Fyrus;x
960;85;72;156;Tirzor;x
961;127;75;29;Chayuek;x
962;43;33;38;Eragol Bardum;x
963;85;36;166;Chade;x
964;127;39;39;Soddus;x
965;169;42;167;Karak-a-Dumril;x
966;1;45;40;Uzzintir;x
967;43;48;168;Ungor-Bar-Indur;x
968;85;51;41;Undrivar-Bar;x
969;127;54;169;Khazalid Dorn;x
970;169;57;42;Landrin-a-Klan;x
971;1;60;170;Karak Razala;x
972;43;63;43;Korgrim;x
973;85;66;171;Kladdin;x
974;127;69;44;Mindas Ungor;x
975;169;72;172;Zhufstrom;x
976;1;75;45;Ingikvar;x
977;43;78;173;Jorzium;x
978;85;81;46;Karak Kadal;x
979;127;84;174;Kadar Khazalid;x
980;169;87;47;Karag Krom;x
981;1;90;175;Ungik;x
982;43;93;48;Balog Ungor;x
983;85;96;176;Barogrik;x
984;127;99;49;Karag Homrar;x
985;169;102;177;Brondik;x
986;1;105;50;Kurgaz Grungon;x
987;43;108;178;Khadiz Dorn;x
988;85;111;51;Kazad Belegar;x
989;127;114;179;Grung Dwor;x
990;169;117;52;Grongol Norn;x
991;1;120;180;Karak Dum;x
992;43;123;53;Skraklaz Ungor;x
993;85;126;181;Kolaz Ungor;x
994;127;129;54;Karag Dar;x
995;169;132;182;Khazid Nekewukaz;x
996;1;135;55;Stromez Zorn;x
997;43;138;183;Karag Grim;x
998;85;141;56;Urdivan;x
999;85;93;211;Viksjoergsberg;x
1000;127;96;84;Bjarkavig;x
1001;169;99;212;Bragnir;x
1002;1;102;85;Varaland;x
1003;43;105;213;Zandt;x
1004;85;108;86;Hyttafjord;x
1005;127;111;214;Skorlm;x
1006;169;114;87;Krakav;x
1007;1;117;215;Halkild;x
1008;43;120;88;Dira;x
1009;85;123;216;Askola;x
1010;127;126;89;Suyab;x
1011;169;129;217;Balasaqun;x
1012;1;132;90;Kharakit;x
1013;43;135;218;Pishpek;x
1014;85;138;91;Frunz;x
1015;127;141;219;Oluod;x
1016;169;144;92;Norisk;x
1017;1;147;220;Khakatass;x
1018;43;150;93;Yarsk;x
1019;85;153;221;Angara;x
1020;127;156;94;Nuur;x
1021;169;159;222;Tuva;x
1022;1;162;95;Abak;x
1023;43;165;223;Suleng;x
1024;85;168;96;Tatarum;x
1025;127;171;224;Barabas;x
1026;169;174;97;Sybyr;x
1027;1;177;225;Saget;x
1028;43;180;98;Carsuri;x
1029;85;183;226;Miluks;x
1030;127;186;99;Komri;x
1031;1;192;0;Kuldevind Islands;x
1032;43;195;128;Uvs;x
1033;85;198;1;Tarim;x
1034;127;201;129;Khovd;x
1035;169;204;2;Baatar;x
1036;1;207;130;Yucho;x
1037;43;210;3;Uromqi;x
1038;85;0;131;Khotaan;x
1039;127;3;4;Ket;x
1040;169;6;132;Bagstay;x
1041;1;9;5;Nivk;x
1042;43;12;133;Tiel;x
1043;85;15;6;Nerchin;x
1044;127;18;134;Bortaala;x
1045;169;21;7;Aral;x
1046;1;24;135;Yupyk;x
1047;43;27;8;Torpan;x
1048;85;30;136;Zanur;x
1049;127;33;9;Karmay;x
1050;169;36;137;Miryr;x
1051;1;39;10;Sakar;x
1052;43;42;138;Khamchata;x
1053;85;45;11;Chamsyts;x
1054;127;48;139;Mesch;x
1055;169;51;12;Mador;x
1056;1;54;140;Votioi;x
1057;43;57;13;Anaol;x
1058;85;60;141;Ninyt;x
1059;127;63;14;Eiigin;x
1060;169;66;142;Magad;x
1061;1;69;15;Kamas;x
1062;43;72;143;Kolim;x
1063;85;75;16;Issikul;x
1064;127;78;144;Krygz;x
1065;169;81;17;Yurgh;x
1066;1;84;145;Ents;x
1067;43;87;18;Olkoron;x
1068;85;90;146;Yakhdoi;x
1069;127;93;19;Bakal;x
1070;169;96;147;Kurshun;x
1071;1;99;20;Ganibek;x
1072;43;102;148;Ailish;x
1073;43;117;23;Zetisu;x
1074;85;120;151;Rataumyr;x
1075;127;123;24;Azkaroth;x
1076;169;126;152;Tohkar;x
1077;1;129;25;Krasnodar;x
1078;43;132;153;Kropot;x
1079;85;135;26;Zapad;x
1080;85;105;21;Ugar;x
1081;127;108;149;Hattran;x
1082;169;111;22;Baalbek;x
1083;1;114;150;Targhizizi;x
1084;127;138;154;Gorgoth;x
1085;169;141;27;Kur;x
1086;1;144;155;Murlech;x
1087;43;147;28;Anat;x
1088;85;150;156;Larza;x
1089;127;153;29;Chalde;x
1090;169;156;157;Carchemish;x
1091;1;159;30;Tibiria;x
1092;43;162;158;Anu;x
1093;85;165;31;Inanna;x
1094;127;168;159;Isin;x
1095;169;171;32;Urmia;x
1096;1;174;160;Daro;x
1097;43;177;33;Helgrind;x
1098;85;180;161;Tamarkrupa;x
1099;127;183;34;Vortrium;x
1100;169;186;162;Eidelwiss;x
1101;1;189;35;Groetchen;x
1102;43;192;163;Hinterland;x
1103;85;195;36;Daemon's Stump;x
1104;127;198;164;Black Fortress;x
1105;169;201;37;Pigbarter;x
1106;1;204;165;Char;x
1107;43;207;38;Desolace;x
1108;85;210;166;Grey Waste;x
1109;127;0;39;Skarbrand;x
1110;169;3;167;Inred;x
1111;1;6;40;Kurshu;x
1112;43;9;168;Ember;x
1113;85;12;41;Ashenmount;x
1114;127;15;169;Karak Vrag;x
1115;169;18;42;Turgran;x
1116;1;21;170;Ashrift;x
1117;43;24;43;Karak Ekslagar;x
1118;85;27;171;Karag Gorim;x
1119;127;30;44;Karaz Hashuti;x
1120;169;33;172;Stonehol;x
1121;1;36;45;Azgrimar;x
1122;43;39;173;Karak Zharr;x
1123;85;42;46;Ruadrin;x
1124;127;45;174;Sulfuras;x
1125;169;48;47;Orgris;x
1126;1;51;175;Perik;x
1127;43;54;48;Ombra;x
1128;85;57;176;Ankarath;x
1129;127;60;49;Ghulakth;x
1130;169;63;177;Darkhold;x
1131;1;66;50;Thaurizon;x
1132;43;69;178;Mizpal Ungor;x
1133;85;72;51;Gorlabar;x
1134;127;75;179;Nath Agra;x
1135;169;78;52;Gaz Orrud;x
1136;1;81;180;Cabal;x
1137;43;84;53;Saspire;x
1138;85;87;181;Gherra;x
1139;127;90;54;Chandak;x
1140;169;93;182;Nakta;x
1141;1;96;55;Rhazgala;x
1142;43;99;183;Zinir;x
1143;85;102;56;Ilkatuktak;x
1144;127;105;184;Arum;x
1145;169;108;57;Jong-On;x
1146;1;111;185;Rodmarin;x
1147;85;117;186;Geringwald;x
1148;127;120;59;Aussenstadt;x
1149;1;99;75;Gringril;x
1150;43;102;203;Karag Ril;x
1151;85;105;76;Tromriki;x
1152;127;108;204;Ikizir;x
1153;169;111;77;Karak Palik;x
1154;1;114;205;Khazgoruz;x
1155;43;117;78;Grimaz Batol;x
1156;85;120;206;Karaz-Lumbar;x
1157;127;123;79;Kazad Kol;x
1158;169;126;207;Kazad Ghulg;x
1159;1;129;80;Kazad Klad;x
1160;43;132;208;Karak Grong;x
1161;85;135;81;Karag Garaz;x
1162;127;138;209;Khaz Bryn;x
1163;169;141;82;Lichtungsmarkt;x
1164;194;128;155;Karak Hafak;x
1165;222;112;100;Khazid Svarkungor;x
1166;143;182;225;Khazid Aldum;x
1167;169;84;37;Cold Mire #2;x
1168;1;87;165;Coast of Bretonnia;x
1169;1;102;40;Coast of Tilea;x
1170;43;105;168;River Sannez #2;x
1171;1;117;170;River Brienne #3;x
1172;43;120;43;River Rugavalk;x
1173;127;126;44;River Starnek #4;x
1174;169;129;172;Drakfljot;x
1175;1;132;45;River Grismerie;x
1176;43;135;173;River Grismerie #2;x
1177;85;138;46;River Brienne #4;x
1178;127;141;174;River Sannez #3;x
1179;169;144;47;River Lynsk;x
1180;1;147;175;River Reik #4;x
1181;43;150;48;River Bogen;x
1182;85;153;176;River Talabec;x
1183;127;156;49;River Talabec #4;x
1184;169;159;177;River Reik #5;x
1185;1;162;50;River Reik #6;x
1186;43;165;178;River Reik #7;x
1187;85;168;51;River Stir #5;x
1188;127;171;179;River Reik #8;x
1189;169;174;52;River Aver;x
1190;1;177;180;River Reik #9;x
1191;43;180;53;River Aver #2;x
1192;85;183;181;Marshes of Madness;x
1193;127;186;54;Rime;x
1194;169;189;182;Frozen Maw;x
1195;1;192;55;Angara;x
1196;84;30;31;The Thawed Bay;x
1197;85;54;6;The Thawed Bay #2;x
1198;84;165;181;Fjelljerford;x
1199;168;186;57;Draksfjord;x
1200;0;189;185;The White Sea;x
1201;42;192;58;The Frozen Shore;x
1202;84;195;186;The Frozen Shore #2;x
1203;126;198;59;The Frozen Shore #3;x
1204;168;201;187;The Frozen Shore #4;x
1205;0;204;60;The Frozen Shore #5;x
1206;42;207;188;The Frozen Shore #6;x
1207;126;0;189;The Frozen Shore #8;x
1208;168;3;62;The Frozen Shore #9;x
1209;0;6;190;Kuldevind Sea;x
1210;42;9;63;The White Sea #2;x
1211;84;12;191;The White Sea #3;x
1212;126;15;64;Kraken Sea;x
1213;168;18;192;Kraken Sea #2;x
1214;0;21;65;Kraken Sea #3;x
1215;84;27;66;Sea of Chaos;x
1216;126;30;194;Sea of Chaos #2;x
1217;42;39;68;Sea of Chaos #3;x
1218;168;48;197;River Grismerie #3;x
1219;0;51;70;River Starnek #5;x
1220;42;54;198;River Morceaux #2;x
1221;0;54;35;River Zapadryeka;x
1222;42;18;3;The Frozen Shore #10;x
1223;168;63;72;The Frozen Shore #11;x
1224;0;66;200;Great Ocean #4;x
1225;42;69;73;Coast of Norsca;x
1226;84;72;201;Coast of Norsca #2;x
1227;126;75;74;Taldursfjord;x
1228;168;78;202;Coast of Norsca #3;x
1229;0;81;75;Coast of Norsca #4;x
1230;42;84;203;Nordlig;x
1231;0;96;205;Nordlig #2;x
1232;84;180;56;Teeth of the Kraken;x
1233;126;183;184;Coast of Norsca #5;x
1234;126;33;159;Coast of Norsca #6;x
1235;84;15;156;Vestligkyst;x
1236;42;132;48;Vestligkyst #2;x
1237;84;135;176;Coast of Norsca #7;x
1238;168;141;177;Taaketskog;x
1239;0;144;50;Coast of Norsca #8;x
1240;42;147;178;Bay of Fins;x
1241;84;150;51;Soerligslette;x
1242;126;153;179;Gulf of the Maelstrom;x
1243;168;156;52;Taaketskog #2;x
1244;0;159;180;Sea of Claws;x
1245;84;87;76;Starivoda Bay;x
1246;168;21;157;Drosselspule Bay;x
1247;168;108;207;Mannan's Teeth;x
1248;126;78;39;Sea of Claws #2;x
1249;42;27;158;Wrecker's Point;x
1250;126;168;54;Manaanspoort Sea;x
1251;42;210;153;Reaver's Point;x
1252;168;36;32;Coast of Bretonnia #2;x
1253;0;39;160;Coast of Bretonnia #3;x
1254;0;111;80;The Dragon's Maw;x
1255;42;12;28;Middle Sea;x
1256;0;9;155;Middle Sea #2;x
1257;168;51;162;Coast of Bretonnia #4;x
1258;42;114;208;Coast of Bretonnia #5;x
1259;42;57;163;Coast of Bretonnia #6;x
1260;84;60;36;Coast of Bretonnia #7;x
1261;126;63;164;Golfe du Bidouze;x
1262;168;66;37;River Niveau;x
1263;0;69;165;Coast of Estalia;x
1264;84;75;166;Coast of Estalia #2;x
1265;42;6;98;Great Ocean #5;x
1266;168;81;167;Finterra;x
1267;0;84;40;Great Ocean #6;x
1268;42;87;168;Great Ocean #7;x
1269;84;90;41;Great Ocean #8;x
1270;126;93;169;Great Ocean #9;x
1271;126;12;99;Coast of Estalia #3;x
1272;0;99;170;Great Ocean #10;x
1273;42;102;43;Finterra #2;x
1274;84;105;171;Coast of Estalia #4;x
1275;126;108;44;Great Ocean #11;x
1276;168;111;172;Coast of Estalia #5;x
1277;0;114;45;Bay of Quietude;x
1278;84;120;46;Fool's Point;x
1279;168;126;47;Siren Sea;x
1280;0;129;175;Gulf of Fodore;x
1281;168;6;27;Gulf of Miragliono;x
1282;126;18;29;Litoral Sur;x
1283;42;42;33;Coast of Tilea #2;x
1284;84;57;71;Coast of Tilea #3;x
1285;126;60;199;Tilean Sea;x
1286;0;24;30;Coast of Tilea #4;x
1287;42;177;183;Pirate's Current;x
1288;0;174;55;Tilean Sea #2;x
1289;86;87;136;Coast of Sartosa;x
1290;170;93;137;Coast of Sartosa #2;x
1291;2;96;10;Coast of Sartosa #3;x
1292;44;99;138;Capo Cino;x
1293;86;102;11;Pirate's Current #2;x
1294;128;105;139;Bay of Wrecks;x
1295;170;108;12;Lagoon of Tears;x
1296;128;120;14;Sea of Chaos #6;x
1297;170;123;142;Sea of Chaos #7;x
1298;2;126;15;The Frozen Shore #12;x
1299;44;129;143;Drakfljot #2;x
1300;86;132;16;River Talebec;x
1301;86;147;146;Black Water;x
1302;128;150;19;River Stir #6;x
1303;170;153;147;River Reik #10;x
1304;2;156;20;River Reik #11;x
1305;44;159;148;River Talabec #5;x
1306;86;162;21;River Reik #12;x
1307;128;165;149;Lagoon of Tears #2;x
1308;170;168;22;The Black Gulf;x
1309;2;171;150;The Black Gulf #2;x
1310;44;174;23;The Black Gulf #3;x
1311;86;177;151;Tona Dante;x
1312;128;180;24;The Black Gulf #4;x
1313;170;183;152;The Black Gulf #5;x
1314;2;186;25;The Black Gulf #6;x
1315;44;189;153;The Black Gulf #7;x
1316;86;192;26;The Black Gulf #8;x
1317;128;195;154;Litoral Sur #2;x
1318;2;201;155;Siren Sea #2;x
1319;86;207;156;Siren Sea #3;x
1320;170;0;157;Southern Sea;x
1321;170;15;32;Sea of Chaos #8;x
1322;128;27;34;Sea of Claws #3;x
1323;170;45;37;Siren Sea #4;x
1324;86;84;171;Southern Sea #2;x
1325;128;87;44;Southern Sea #3;x
1326;170;90;172;Southern Sea #4;x
1327;2;93;45;Southern Sea #5;x
1328;44;96;173;Blood River;x
1329;128;102;174;Southern Sea #6;x
1330;170;105;47;Coast of Estalia #6;x
1331;2;108;175;Southern Sea #7;x
1332;44;111;48;Great Ocean #19;x
1333;86;114;176;Great Ocean #20;x
1334;128;117;49;Middle Sea #3;x
1335;170;120;177;Litoral Sur #3;x
1336;2;123;50;River Lynsk #2;x
1337;44;126;178;Great Ocean #21;x
1338;86;129;51;River Talebec #2;x
1339;128;132;179;River Rugavalk #2;x
1340;170;135;52;River Rugavalk #3;x
1341;2;138;180;Iisgalt #2;x
1342;44;141;53;Halkild #2;x
1343;86;144;181;Lake Ladogash;x
1344;128;147;54;Zorn Uzkul;x
1345;170;150;182;Zorn Uzkul #2;x
1346;2;153;55;River Brienne #5;x
1347;44;156;183;River Brienne #6;x
1348;86;159;56;River Grismerie #4;x
1349;128;162;184;River Grismerie #5;x
1350;170;165;57;River Sannez #4;x
1351;2;168;185;River Lynsk #3;x
1352;44;171;58;River Lynsk #4;x
1353;169;27;92;River Ruin;x
1354;1;30;220;River Ruin #2;x
1355;43;33;93;River Ruin #3;x
1356;85;36;221;River Ruin #4;x
1357;127;39;94;River Ruin #5;x
1358;169;42;222;River Ruin #6;x
1359;1;45;95;River Ruin #7;x
1360;43;48;223;River Ruin #8;x
1361;85;51;96;River Ruin #9;x
1362;127;54;224;River Ruin #10;x
1363;169;57;97;Sour Sea;x
1364;1;60;225;River Ruin #11;x
1365;43;63;98;River Ruin #12;x
1366;85;66;226;River Ruin #13;x
1367;127;69;99;River Ruin #14;x
1368;85;126;136;South Lynsk;x
1369;1;135;10;Sea of Chaos #12;x
1370;169;147;12;River Riati;x
1371;1;150;140;River Riati #2;x
1372;43;153;13;River Riati #3;x
1373;127;204;149;Sea of Storms;x
1374;169;207;22;Sea of Storms #2;x
1375;1;210;150;Sea of Storms #3;x
1376;43;0;23;Sea of Storms #4;x
1377;85;18;26;Scalding Delta #2;x
1378;127;21;154;River Ruin #15;x
1379;170;102;37;River Ruin #16;x
1380;2;105;165;River Ruin #17;x
1381;169;69;162;Lizard Sea #10;x
1382;1;72;35;Lizard Sea #11;x
1383;43;75;163;Sea of Storms #5;x
1384;85;78;36;Lizard Sea #12;x
1385;127;81;164;Lizard Sea #13;x
1386;86;111;166;River Zapadryeka #2;x
1387;2;183;15;Corsair Strand;x
1388;2;198;145;Corsair Strand #2;x
1389;170;129;22;River Stir;x
1390;2;132;150;River Stir #2;x
1391;44;135;23;River Stir #3;x
1392;86;138;151;River Stir #4;x
1393;128;141;24;River Aver #3;x
1394;170;144;152;River Aver #4;x
1395;2;147;25;River Soll;x
1396;44;150;153;River Reik;x
1397;86;153;26;River Reik #2;x
1398;128;156;154;River Reik #3;x
1399;170;159;27;River Urskoy;x
1400;2;162;155;River Urskoy #2;x
1401;44;165;28;River Urskoy #3;x
1402;86;168;156;River Talabec #2;x
1403;128;171;29;River Talabec #3;x
1404;170;174;157;River Tobol;x
1405;2;177;30;River Tobol #2;x
1406;44;180;158;River Tobol #3;x
1407;86;183;31;River Tobol #4;x
1408;128;186;159;River Tolsol;x
1409;170;189;32;River Dypvann;x
1410;2;192;160;River Brienne;x
1411;44;195;33;River Tarmos;x
1412;86;198;161;River Guadariz;x
1413;128;201;34;River Starnek;x
1414;170;204;162;River Starnek #2;x
1415;2;207;35;River Starnek #3;x
1416;44;210;163;River Stir #7;x
1417;86;0;36;Halkild;x
1418;128;3;164;Iisgalt;x
1419;170;6;37;Ursfjord;x
1420;2;9;165;River Talabec #6;x
1421;44;12;38;River Grismerie #6;x
1422;86;15;166;River Sannez #5;x
1423;128;18;39;River Sannez;x
1424;170;21;167;River Morceaux;x
1425;2;24;40;River Brienne #2;x
1426;44;27;168;River Lynsk #5;x
1427;86;30;41;Azurem;x
1428;169;96;202;Mountains of Madness;x
1429;44;84;8;Massif Oreal;x
1430;0;229;25;Pale Sisters;x
1431;84;0;26;Middle Mountains;x
1432;126;48;34;Goromadny Mountains;x
1433;84;45;161;Apucinni Mountains;x
1434;126;105;79;Vanaheim Mountains;x
1435;42;99;78;Helspire Mountains;x
1436;168;93;77;Frostheim Mountains;x
1437;126;90;204;Mountains of Thjazi;x
1438;0;204;67;Khuuitan Shelf;x
1439;85;99;141;Ice Tooth Mountains;x
1440;127;102;14;Mountains of Naglfari;x
1441;169;105;142;Athel Loren;x
1442;1;108;15;Ulfwerenar Mountains;x
1443;43;111;143;Trollheim Mountains;x
1444;85;114;16;Skadi Mountains;x
1445;127;117;144;Mountains of Hel;x
1446;169;120;17;Gianthome Mountains;x
1447;1;123;147;Grey Mountains;x
1448;43;126;18;Abasko Mountains;x
1449;85;129;146;The Vaults;x
1450;127;132;19;Black Mountains;x
1451;1;138;20;Crater of Zharr;x
1452;43;141;148;Icewind Mountains;x
1453;85;144;21;Azgorh;x
1454;127;147;149;Beast Peaks;x
1455;169;150;22;Stormrim;x
1456;1;153;150;Chaos Wastes;x
1457;203;149;58;Bylorhof Marsh;x
1458;85;159;151;Blighted Marshes;x
1459;127;162;24;World's Edge Mountains;x
1460;169;165;152;Irrana Mountains;x
1461;43;171;153;Cold Mire;x
1462;169;3;222;The Frostbites;x
1463;127;177;154;Mountains of Mourn;x
1464;169;180;27;Plateau of K'Datha;x
1465;1;183;155;Pillars of the Gods;x
1466;43;186;28;Plateau of Zorn Uzkul;x
1467;85;189;156;Jagged Spine;x
1468;127;192;29;Gnoblar Country;x
1469;128;0;199;Crevice of Doom;x
1470;170;3;72;Scalding Delta;x
1471;167;185;21;World's Edge Mountains #2;x
1472;128;30;204;Tal Driacha;x
1473;170;33;77;Delliandra;x
1474;2;36;205;Tirsyth;x
1475;44;39;78;Tal Silvoch;x
1476;86;42;206;Alarin;x
1477;170;198;132;Beithir Seun;x
1478;170;48;207;Ystin Lileath;x
1479;2;51;80;Tal Esth;x
1480;2;201;5;Sumnos;x
1481;44;204;133;Naiados;x
1482;44;54;208;Locrimere;x
1483;86;207;6;Tal Fyr Eternos;x
1484;128;45;79;Tal Enda Varian;x
1485;86;57;81;Tal Varigan;x
1486;128;60;209;Cader Donam;x
1487;170;63;82;Eomain Tarn;x
1488;2;66;210;Tal Jul-finel;x
1489;44;69;83;Findol;x
1490;128;210;134;Sceolath-mar;x
1491;170;0;7;Sylamel;x
1492;86;72;211;Cullodinen;x
1493;128;75;84;Tyr Vanna;x
1494;170;78;212;Tyr Edrell;x
1495;2;81;85;Druthandor;x
1496;44;84;213;Tal Cullon;x
1497;86;87;86;Yn Edryl Koiran;x
1498;128;90;214;Drune Fell;x
1499;170;93;87;Tal Eth Ayr;x
1500;2;96;215;Cerura Carn;x
1501;44;99;88;Yn Edri Eternos;x
1502;86;102;216;Tal Merion;x
1503;128;105;89;Tal Govorn;x
1504;170;108;217;Tal Drost;x
1505;2;111;90;Tal Amere;x
1506;44;114;218;Coeth-mara;x
1507;86;117;91;Tal Mora;x
1508;128;120;219;Inverin;x
1509;170;123;92;Tal Amara;x
1510;2;126;93;Equos;x
1511;44;129;93;Yn Cavaroc;x
1512;86;132;221;Cromarc;x
1513;128;135;94;Tal Stornos;x
1514;170;138;222;Talrennic;x
1515;2;141;95;Ystin Drakira;x
1516;44;144;223;Edryl Modr;x
1517;86;147;96;Threllock;x
1518;128;150;224;Ystin Eldrazor;x
1519;170;153;97;Festalym;x
1520;2;156;225;Tal Rond;x
1521;44;159;98;Addaivoch;x
1522;86;162;226;Tal Valerin;x
1523;128;165;99;Tal Hakan;x
1524;170;168;227;Anaereth;x
1525;2;171;0;Tal Brianda;x
1526;44;174;128;Ystin Morai-Heg;x
1527;86;177;1;Ithorien;x
1528;128;180;129;Cromlech Cadai;x
1529;170;183;2;Myrga;x
1530;2;186;130;Tal Dovar;x
1531;44;189;3;Ystin Vaul;x
1532;86;192;131;Callach-mor;x
1533;128;195;4;Durthu;x
